{"cameraMode":{"drawMode":0,"name":"Shaded","section":"Shading Mode"},"sceneLighting":true,"audioPlay":false,"sceneViewState":{"showFog":true,"showMaterialUpdate":false,"showSkybox":true,"showFlares":true,"showImageEffects":true,"showParticleSystems":true},"in2DMode":false,"pivot":{"x":-0.31764066219329836,"y":2.5387508869171144,"z":-3.9020204544067385},"rotation":{"x":-0.18669387698173524,"y":0.012373865582048893,"z":-0.0023510863538831474,"w":-0.9823374152183533},"size":5.190415382385254,"orthographic":false}